cell,raw_p,holm_rank,holm_threshold,survives_union_holm
Conf_Cell07_PiSSA_Qwen2.5-3B_GSM8K,0.0002,1,0.00294118,True
Conf_Cell04_PiSSA_roberta-base_MNLI,0.0006,2,0.003125,True
Conf_Cell11_AdaLoRA_bert-base_SQuAD2,0.00195,3,0.00333333,True
Conf_Cell09_PiSSA_Qwen2.5-3B_GSM8K,0.0024,4,0.00357143,True
Conf_Cell16_PiSSA_Gemma-7B_GSM8K_claim,0.0039,5,0.00384615,False
Conf_Cell05_AdaLoRA_bert-base_SQuAD1,0.004,6,0.00416667,False
Conf_Cell13_PiSSA_Mistral-7B_GSM8K,0.0078,7,0.00454545,False
Conf_Cell02_PiSSA_roberta-base_BoolQ,0.011,8,0.005,False
Tier2_anli_r1_pissa_nan_dropped,0.0171509,9,0.00555556,False
Conf_Cell01_DoRA_roberta-base_BoolQ,0.151,10,0.00625,False
Conf_Cell03_DoRA_roberta-base_MNLI,0.31,11,0.00714286,False
Tier2_anli_r1_dora_nan_dropped,0.499916,12,0.00833333,False
Conf_Cell14_DoRA_Mistral-7B_GSM8K,0.55,13,0.01,False
Conf_Cell10_PiSSA_phi-2_GSM8K,0.6323,14,0.0125,False
Conf_Cell06_rsLoRA_roberta-base_BoolQ,0.833,15,0.0166667,False
Conf_Cell08_DoRA_Qwen2.5-3B_GSM8K,0.887,16,0.025,False
Conf_Cell12_DoRA_Qwen2.5-3B_GSM8K,0.89,17,0.05,False
